row_id,target
0-4,0.0016427790619672387
0-32,0.0016427790619672387
0-34,0.0016427790619672387
